year,percent 1st gen,percent 2nd gen,cocitation_dois,n_total_1st_doi,n_total_2nd_doi,n_cocitation_doi
2008,0.0,0.0,[],2,1,0
2009,46.67,26.92,"['10.1109/wi-iat.2009.15', '10.1088/1742-5468/2009/07/p07042', '10.1103/physreve.80.026129', '10.1103/physreve.79.066107', '10.1103/physreve.80.016109', '10.1109/dasc.2009.91', '10.1109/wi-iat.2009.217']",15,26,7
2010,63.33,12.34,"['10.1109/ictai.2010.23', '10.1109/ita.2010.5454090', '10.1007/978-3-642-17616-6_10', '10.1109/wi-iat.2010.48', '10.1527/tjsai.25.16', '10.1103/physreve.81.046114', '10.20965/jaciii.2010.p0408', '10.1088/1367-2630/12/10/103018', '10.1016/j.physa.2009.12.019', '10.1016/j.physrep.2009.11.002', '10.3724/sp.j.1004.2010.01160', '10.1109/basna.2010.5730298', '10.1109/isme.2010.33', '10.1109/cyberc.2010.68', '10.1109/wowmom.2010.5534915', '10.1007/978-3-642-17316-5_42', '10.1109/asonam.2010.32', '10.1103/physreve.81.026105', '10.1109/asonam.2010.70']",30,154,19
2011,75.0,8.45,"['10.1109/eisic.2011.58', '10.1007/s13278-011-0035-7', '10.1007/s10618-011-0224-z', '10.1109/ipdps.2011.61', '10.1109/nsw.2011.6004645', '10.1088/1742-5468/2011/02/p02017', '10.1109/asonam.2011.104', '10.1016/j.physa.2011.03.036', '10.1007/978-3-642-22589-5_23', '10.1109/asonam.2011.53', '10.1109/grc.2011.6122697', '10.1371/journal.pone.0022943', '10.1109/icoin.2011.5723190', '10.1007/s12351-011-0115-5', '10.1109/icdmw.2011.154', '10.1111/j.1538-4632.2011.00830.x', '10.1007/978-1-4614-0754-6_6', '10.1002/sam.10133', '10.1371/journal.pone.0018961', '10.1109/fskd.2011.6019714', '10.1109/jproc.2011.2169033', '10.1007/978-3-642-25501-4_20', '10.1109/cason.2011.6085912', '10.1109/icnc.2011.6022234', '10.1140/epjb/e2011-10979-2', '10.1103/physreve.83.036103', '10.1103/physreve.83.066120', '10.1103/physreve.84.016114', '10.1103/physreve.84.026110', '10.1007/s11390-011-0177-0']",40,355,30
2012,80.36,8.56,"['10.1007/s11390-012-1236-x', '10.1209/0295-5075/99/38006', '10.1007/978-3-7091-1346-2_16', '10.1088/0253-6102/58/4/27', '10.1109/sibgrapi.2012.13', '10.1109/ccis.2012.6664283', '10.1007/978-3-642-30045-5_5', '10.1109/asonam.2012.119', '10.1109/icssem.2012.6340748', '10.1002/9781118346990.ch1', '10.1140/epjb/e2012-30301-2', '10.4304/jcp.7.1.135-140', '10.1016/j.jocs.2012.03.006', '10.1088/0256-307x/29/9/098901', '10.1109/la-web.2012.19', '10.1016/j.physa.2011.09.028', '10.1103/physreve.86.066106', '10.1016/j.physa.2011.12.055', '10.1088/1742-5468/2012/09/p09008', '10.7498/aps.61.218901', '10.1016/j.physa.2012.07.007', '10.1142/s0219525912500361', '10.1088/0256-307x/29/4/048902', '10.1371/journal.pone.0029358', '10.1007/978-1-4471-4048-1_4', '10.1016/j.physa.2011.12.019', '10.1103/physreve.86.016107', '10.1140/epjds9', '10.1140/epjb/e2011-20448-7', '10.1007/978-3-642-29920-9_41', '10.1109/aisp.2012.6313748', '10.1007/978-3-642-29047-3_13', '10.1109/cason.2012.6412391', '10.1007/978-3-642-31612-8_31', '10.1109/icaci.2012.6463189', '10.1007/978-3-642-29920-9_4', '10.1109/cec.2012.6256434', '10.1371/journal.pcbi.1002391', '10.1109/cit.2012.30', '10.1007/978-1-4471-4048-1_3', '10.1103/physreve.86.016111', '10.1007/s00500-012-0942-1', '10.1007/978-3-642-30220-6_3', '10.1016/j.physa.2011.09.040', '10.1109/icdm.2012.14']",56,526,45
2013,79.07,7.79,"['10.1109/sitis.2013.80', '10.1016/j.compenvurbsys.2013.03.002', '10.1109/cloudcom-asia.2013.77', '10.1007/s11771-013-1611-y', '10.1109/cse.2013.76', '10.1007/s13278-013-0120-1', '10.1080/18756891.2013.773175', '10.1109/icassp.2013.6638196', '10.1007/978-3-642-53914-5_36', '10.1007/978-3-642-37832-4_23', '10.1007/978-3-642-35843-2_7', '10.1007/s13278-013-0096-x', '10.1109/iv.2013.23', '10.1080/00343404.2011.622745', '10.1109/icpp.2013.27', '10.1186/1471-2105-14-227', '10.1007/978-3-642-31821-4_1', '10.1007/978-3-642-35795-4_38', '10.1007/s11590-013-0621-x', '10.1007/978-3-642-41154-0_4', '10.1109/wisa.2013.54', '10.1007/978-3-642-38466-0_33', '10.1007/s10115-013-0626-x', '10.1145/2487575.2487666', '10.1007/978-3-642-31821-4_2', '10.1016/j.physa.2012.09.023', '10.1016/j.physa.2012.12.013', '10.1007/s13278-013-0104-1', '10.1109/aina.2013.47', '10.1109/cse.2013.88', '10.1016/j.physa.2012.09.012', '10.1109/cgc.2013.91', '10.1109/icmla.2013.40', '10.1007/978-3-642-37450-0_25', '10.4028/www.scientific.net/amm.462-463.458', '10.1016/j.physa.2012.11.003', '10.1109/cloudcom-asia.2013.50', '10.1007/s10618-013-0331-0', '10.1016/j.datak.2012.09.002', '10.1145/2492517.2492545', '10.1016/j.physa.2013.06.056', '10.1007/s10115-013-0644-8', '10.1145/2492517.2492518', '10.1007/s13278-013-0142-8', '10.1109/percom.2013.6526730', '10.1007/978-3-642-37382-4_9', '10.1007/978-3-642-40140-4_13', '10.4028/www.scientific.net/amr.694-697.1301', '10.1109/cyberc.2013.37', '10.1007/978-3-319-03578-9_1', '10.1007/978-3-319-03844-5_66', '10.1016/j.eswa.2013.03.004', '10.1016/j.physa.2013.03.014', '10.1145/2501654.2501657', '10.1109/tencon.2013.6718939', '10.1109/comgeo.2013.24', '10.1109/cec.2013.6557634', '10.1109/nsw.2013.6609210', '10.1109/socialcom.2013.37', '10.1109/ijcnn.2013.6706944', '10.1007/978-3-642-30287-9_12', '10.1109/ikt.2013.6620112', '10.1007/978-3-319-00110-4_2', '10.1109/mec.2013.6885374', '10.2139/ssrn.2268165', '10.1007/978-3-642-35668-1_18', '10.1007/978-1-4614-6729-8_6', '10.1016/j.ins.2012.08.001']",86,873,68
2014,81.82,8.19,"['10.1186/1471-2105-15-220', '10.1088/1367-2630/16/6/063007', '10.1142/s0219525914500234', '10.1145/2649387.2649446', '10.1109/bracis.2014.78', '10.1016/j.ecolmodel.2013.12.014', '10.1016/j.ins.2014.02.040', '10.1007/978-3-319-08783-2_57', '10.1155/2014/627581', '10.1016/j.physa.2014.04.003', '10.1016/j.dam.2013.09.017', '10.1109/compsacw.2014.43', '10.1093/comnet/cnu035', '10.1109/iih-msp.2014.195', '10.1109/asonam.2014.6921567', '10.1109/icdew.2014.6818312', '10.1371/journal.pone.0112612', '10.1016/j.physa.2014.05.073', '10.1109/percomw.2014.6815211', '10.1016/j.scico.2014.01.006', '10.1088/1367-2630/16/9/093001', '10.1142/s0217979214502117', '10.1145/2588555.2612179', '10.1109/asonam.2014.6921583', '10.1109/confluence.2014.6949355', '10.1142/s0217979214502166', '10.1109/icde.2014.6816682', '10.1109/sitis.2014.93', '10.4028/www.scientific.net/amr.1049-1050.1566', '10.1109/icc.2014.6883963', '10.1142/s0219525914500210', '10.1007/978-3-319-06391-1_2', '10.1109/cse.2014.65', '10.1007/978-3-319-09761-9_35', '10.1109/wisa.2014.29', '10.1145/2629511', '10.4028/www.scientific.net/amm.644-650.3295', '10.1007/978-3-7091-1797-2_6', '10.1371/journal.pone.0110088', '10.1145/2601412', '10.1109/hpec.2014.7040973', '10.1016/j.physa.2014.01.043', '10.1109/icmew.2014.6890710', '10.1007/978-3-319-05813-9_20', '10.1109/bracis.2014.79', '10.1109/asonam.2014.6921701', '10.1109/cbd.2014.52', '10.1007/978-1-4614-6170-8_218', '10.1080/13658816.2014.964247', '10.1109/icitcs.2014.7021707', '10.1007/978-94-017-9205-9_8', '10.1109/mass.2014.77', '10.1109/tifs.2014.2334272', '10.1109/icdmw.2014.158', '10.1016/j.physa.2014.03.059', '10.1162/neco_a_00673', '10.1109/comcomap.2014.7017161', '10.1007/978-1-4614-6170-8_224', '10.1007/s11390-014-1492-z', '10.1007/s11432-014-5067-y', '10.1145/2641759', '10.4028/www.scientific.net/amm.590.756', '10.1016/j.physa.2013.12.003', '10.1109/enic.2014.15', '10.1007/s00607-014-0433-6', '10.1007/s00354-014-0406-5', '10.1109/ictai.2014.77', '10.1109/itsc.2014.6957846', '10.1007/978-3-319-05401-8_15', '10.1088/1751-8113/47/16/165101', '10.1088/1674-1056/23/9/098902', '10.1109/enic.2014.26', '10.1155/2014/130689', '10.1109/ucc.2014.146', '10.1145/2661829.2661831', '10.1109/istel.2014.7000765', '10.1109/siu.2014.6830335', '10.1016/j.jcss.2013.03.012', '10.1287/ijoc.2013.0588', '10.1109/cec.2014.6900367', '10.1142/s0217979214502087', '10.1155/2014/406485', '10.1007/s00607-014-0401-1', '10.1109/cidm.2014.7008675', '10.1007/978-3-319-09492-2_1', '10.1109/cbmi.2014.6849841', '10.1002/wics.1319', '10.1155/2014/148686', '10.1016/j.physa.2014.09.023', '10.1109/asonam.2014.6921582', '10.1109/glocom.2014.7037253', '10.1145/2517088', '10.1103/physreve.90.012806', '10.1109/bigdata.2014.7004265', '10.1007/978-3-7091-1797-2_1', '10.1007/978-3-319-09284-3_14', '10.1007/978-3-319-07959-2_30', '10.1007/s40595-014-0025-6', '10.1007/s10844-014-0315-6']",121,1209,99
2015,86.23,8.9,"['10.1016/j.neucom.2014.04.084', '10.1145/2740908.2744715', '10.1109/iccsn.2015.7296184', '10.1109/smc.2015.239', '10.1109/icawst.2015.7314035', '10.1016/j.physa.2015.05.101', '10.1186/s40649-015-0020-9', '10.3390/a8030680', '10.1109/icicse.2015.46', '10.1145/2808797.2808826', '10.1007/s10618-015-0440-z', '10.1186/s12863-014-0158-8', '10.1007/978-3-319-16354-3_53', '10.17706/jsw.10.7.825-834', '10.1109/csicsse.2015.7369236', '10.1145/2808797.2808903', '10.3390/e17042228', '10.1177/0165551515592599', '10.1016/j.comnet.2015.10.018', '10.1109/ihmsc.2015.33', '10.1111/coin.12082', '10.1007/978-3-319-11310-4_44', '10.1088/1742-5468/2015/11/p11006', '10.1109/soli.2015.7367608', '10.1103/physreve.92.032801', '10.1007/s11280-015-0330-8', '10.1109/aisp.2015.7123488', '10.1007/978-3-319-19548-3_18', '10.1016/j.jss.2015.06.015', '10.1142/s0218213015400072', '10.1139/cjp-2013-0652', '10.1371/journal.pone.0126845', '10.1007/s40314-015-0260-1', '10.1109/ipdps.2015.59', '10.1109/wi-iat.2015.19', '10.1016/j.physa.2015.03.048', '10.1007/s00122-015-2582-1', '10.1007/978-3-662-49224-6_9', '10.1007/978-3-319-27000-5_4', '10.2166/hydro.2015.146', '10.1016/j.physa.2015.02.020', '10.1088/1742-5468/2015/05/p05017', '10.1109/bigdata.2015.7364021', '10.1155/2015/461362', '10.1007/978-3-319-24069-5_13', '10.1016/j.neucom.2014.04.087', '10.1016/j.physa.2014.10.095', '10.1155/2015/109671', '10.1016/j.physa.2015.07.016', '10.1109/icc.2015.7248492', '10.1016/j.physa.2015.02.004', '10.1140/epjds/s13688-015-0048-y', '10.1109/tkde.2015.2445775', '10.1109/bigdata.2015.7364029', '10.1007/s13278-015-0259-z', '10.1007/978-3-319-23835-7_1', '10.1007/978-3-319-13359-1_21', '10.1007/978-3-662-47401-3_31', '10.1007/978-3-319-19644-2_16', '10.1017/nws.2015.23', '10.1016/j.knosys.2014.11.010', '10.1016/j.patrec.2015.02.005', '10.1109/icdmw.2015.58', '10.1016/j.physa.2015.05.080', '10.1007/s10586-015-0504-2', '10.1142/s0217979215500782', '10.1109/icacci.2015.7275617', '10.1145/2700404', '10.1109/iccke.2015.7365864', '10.1109/sitis.2015.22', '10.1109/chicc.2015.7259812', '10.1109/bigdata.2015.7363911', '10.3389/fnana.2015.00097', '10.1109/cluster.2015.11', '10.1109/dsaa.2015.7344845', '10.1007/978-3-319-26181-2_33', '10.1140/epjb/e2015-60226-y', '10.1007/s13278-015-0254-4', '10.1016/j.tcs.2014.11.026', '10.1007/978-3-319-27261-0_3', '10.14778/2794367.2794370', '10.1145/2818185', '10.1109/icenco.2015.7416365', '10.1109/tpds.2014.2370031', '10.1007/978-3-319-21786-4_10', '10.1145/2807591.2807668', '10.1109/pic.2015.7489908', '10.1007/978-3-319-20367-6_15', '10.1016/j.knosys.2015.08.015', '10.1093/femsec/fiv067', '10.1109/mobserv.2015.42', '10.1007/978-3-319-20472-7_35', '10.1109/icmlc.2015.7340609', '10.1527/tjsai.30.84', '10.1007/s11390-015-1589-z', '10.3233/ifs-151974', '10.1088/1742-5468/2015/01/p01001', '10.1109/ipdps.2015.54', '10.1016/j.promfg.2015.07.982', '10.1016/j.neucom.2015.04.093', '10.1109/gsis.2015.7301846', '10.1145/2736277.2741676', '10.1016/j.physa.2015.05.044', '10.1109/sbac-pad.2015.22', '10.1145/2808797.2808825', '10.1007/s11280-015-0378-5', '10.1007/978-3-319-26989-4_10', '10.1016/j.jpdc.2014.09.012', '10.1145/2808797.2808866', '10.1007/978-3-662-47824-0_2', '10.1103/physreve.91.012801', '10.1109/ipdps.2015.18', '10.1007/978-3-319-19048-8_28', '10.1109/35021bigcomp.2015.7072830', '10.1007/s00500-015-1706-5', '10.1109/aiccsa.2015.7507215', '10.1109/cyberc.2015.41', '10.1007/978-3-319-25751-8_79', '10.1007/978-81-322-2734-2_9']",138,1337,119
2016,80.79,8.33,"['10.1109/enic.2016.017', '10.1007/s10796-016-9696-0', '10.1109/iccsnt.2016.8070177', '10.1145/2994620.2994624', '10.1109/icde.2016.7498226', '10.1017/nws.2016.20', '10.1016/j.physa.2016.04.042', '10.1016/j.biosystems.2016.04.008', '10.3389/fphy.2016.00034', '10.1002/tee.22278', '10.1109/cit.2016.63', '10.1109/skg.2016.009', '10.1186/s12859-016-0979-8', '10.1016/j.patrec.2015.11.008', '10.1109/allerton.2016.7852260', '10.1007/978-3-319-33609-1_32', '10.1145/2998476.2998486', '10.1051/itmconf/20160704012', '10.1142/s0217979216500934', '10.1007/s13278-016-0372-7', '10.1016/j.ins.2015.07.046', '10.1007/s13278-016-0386-1', '10.1109/iscid.2016.2070', '10.1145/2925995.2926011', '10.1088/1742-5468/2016/03/033405', '10.1145/2882903.2899386', '10.1007/978-3-319-45559-4_13', '10.1111/glob.12130', '10.1007/978-3-319-28361-6_9', '10.1002/cpe.3896', '10.1109/ipdps.2016.93', '10.1007/978-3-319-47160-0_40', '10.1016/j.ins.2016.07.024', '10.1109/ijcnn.2016.7727271', '10.3233/jifs-169171', '10.1109/bigdata.2016.7840991', '10.1109/ipdps.2016.110', '10.1109/ihmsc.2016.76', '10.1016/j.eswa.2016.01.026', '10.1140/epjb/e2016-70264-6', '10.1109/icdmw.2016.0019', '10.1109/incos.2016.14', '10.3389/fninf.2016.00045', '10.1145/2872427.2882972', '10.1109/rivf.2016.7800264', '10.1007/978-3-319-50901-3_22', '10.1016/j.physa.2016.01.025', '10.1109/smap.2016.7753375', '10.2139/ssrn.2937843', '10.1016/j.ins.2016.03.028', '10.1007/978-3-319-45817-5_10', '10.1109/dasc-picom-datacom-cyberscitec.2016.46', '10.1109/snpd.2016.7515870', '10.1109/asonam.2016.7752216', '10.1109/enic.2016.040', '10.1145/2898362', '10.1142/s0217984916501876', '10.1007/978-3-319-49586-6_5', '10.1007/978-3-319-46675-0_19', '10.1016/j.neucom.2015.11.091', '10.1007/978-981-10-1536-6_91', '10.1109/wisa.2016.39', '10.1109/ism.2016.0106', '10.1109/icumt.2016.7765382', '10.1016/j.procs.2016.08.103', '10.1016/j.ins.2015.05.008', '10.1371/journal.pone.0156576', '10.1007/s13278-016-0394-1', '10.1109/dsc.2016.99', '10.1103/physreve.93.022301', '10.1371/journal.pone.0155320', '10.1109/tkde.2016.2563425', '10.1145/2851496', '10.1007/978-3-319-49487-6_4', '10.1016/j.neucom.2016.01.109', '10.1109/icsess.2016.7883024', '10.1109/iota.2016.7562715', '10.1371/journal.pone.0157988', '10.1007/s13278-016-0390-5', '10.1016/j.physrep.2016.09.002', '10.1007/978-3-319-49487-6_9', '10.1007/978-3-319-47121-1_22', '10.1534/genetics.115.182626', '10.3390/info7010017', '10.1109/dsc.2016.14', '10.1007/978-3-319-47717-6_7', '10.1007/978-3-319-50137-6_11', '10.1145/2775108', '10.1007/978-981-10-3274-5_18', '10.1007/s40815-016-0245-2', '10.1016/j.physa.2015.09.072', '10.1111/coin.12087', '10.1371/journal.pone.0158247', '10.1109/icngis.2016.7854070', '10.1109/icc.2016.7511156', '10.1007/978-3-319-42345-6_7', '10.1145/2851613.2851809', '10.1142/s0217979216500429', '10.1371/journal.pone.0154404', '10.1007/978-3-319-39601-9_38', '10.1016/j.physa.2016.01.020', '10.1007/978-3-319-47952-1_24', '10.1109/trustcom.2016.0246', '10.1088/1742-5468/2016/12/123401', '10.1007/s13278-016-0318-0', '10.1016/j.comnet.2016.06.002', '10.1016/j.knosys.2016.09.015', '10.1145/2953883', '10.1051/itmconf/20160705007', '10.1109/scc.2016.101', '10.1002/widm.1178', '10.1007/s11280-016-0393-1', '10.1016/j.socnet.2015.07.003', '10.1109/asonam.2016.7752212', '10.1007/978-3-319-49586-6_29', '10.1007/s00521-016-2264-1', '10.1007/978-3-319-47121-1_13', '10.1016/j.neucom.2015.10.142', '10.1109/issre.2016.14', '10.1007/s00607-016-0524-7', '10.1142/s0218001416590242', '10.1109/bdcloud-socialcom-sustaincom.2016.61', '10.1109/tpds.2015.2390633', '10.1109/fskd.2016.7603353', '10.1016/j.physa.2016.05.063', '10.1007/s10732-016-9315-8', '10.1007/978-981-10-2993-6_5', '10.1155/2016/1873504', '10.1007/978-3-319-44350-8_17', '10.1016/j.engappai.2016.06.003', '10.1371/journal.pone.0159161', '10.1109/tkde.2016.2553667', '10.1109/besc.2016.7804476', '10.1016/j.asoc.2016.01.036', '10.1016/j.neucom.2015.11.125', '10.1016/j.physa.2016.05.014', '10.1145/2980523.2980527', '10.1016/j.physa.2015.09.093', '10.1109/hpcc-smartcity-dss.2016.0012', '10.5897/sre2015.6354', '10.1016/j.physa.2015.12.073', '10.1109/fskd.2016.7603422', '10.1007/978-3-319-48740-3_17']",177,1717,143
2017,88.59,7.62,"['10.1109/iccsnt.2017.8343694', '10.1016/j.socnet.2017.02.002', '10.1016/j.physa.2017.01.030', '10.1007/978-3-319-57454-7_57', '10.1093/comnet/cnx004', '10.1109/hpcc-smartcity-dss.2017.19', '10.1007/978-3-319-68935-7_2', '10.3233/jifs-151276', '10.1007/s11036-017-0830-0', '10.1007/978-3-319-57529-2_40', '10.1016/j.ins.2017.08.056', '10.1145/3110025.3110053', '10.1145/3132847.3132960', '10.1145/3089871.3089879', '10.1109/jsyst.2015.2448599', '10.1007/978-3-319-65551-2_50', '10.1109/tkde.2017.2653115', '10.1007/s10479-017-2553-9', '10.1186/s40535-017-0037-2', '10.1007/s11227-017-1976-z', '10.1109/tpds.2017.2671868', '10.1007/978-981-10-6805-8_28', '10.1007/978-3-319-63558-3_35', '10.1093/jigpal/jzx043', '10.1007/978-3-319-68935-7_15', '10.1142/s0129183117500061', '10.1109/icsssm.2017.7996310', '10.1007/978-3-319-51367-6_7', '10.1007/s10586-017-1472-5', '10.1007/978-3-319-67636-4_22', '10.1007/978-1-4614-7163-9_218-1', '10.1016/j.future.2016.06.033', '10.1007/978-981-10-7359-5_10', '10.1007/978-3-319-61845-6_33', '10.1016/j.eswa.2017.05.010', '10.1109/cesys.2017.8321273', '10.1145/3110025.3110052', '10.1016/j.physa.2016.11.098', '10.1109/smc.2017.8122595', '10.1145/3080574', '10.1016/j.eswa.2016.12.039', '10.1145/3078897.3080534', '10.1038/s41467-017-01825-5', '10.1109/access.2017.2706018', '10.1016/j.jhydrol.2016.11.056', '10.1007/978-3-319-56246-9_16', '10.1145/3078714.3078738', '10.1007/978-3-319-60840-2_12', '10.1145/3171592.3171600', '10.1016/j.physa.2016.12.047', '10.1088/1742-5468/aa6b2c', '10.3390/su9091541', '10.1002/cpe.4355', '10.1007/978-3-319-65139-2_3', '10.3233/web-170362', '10.1007/978-3-319-72150-7_19', '10.1007/s11280-017-0441-5', '10.1142/s0217984917501627', '10.1073/pnas.1617052114', '10.1080/00273171.2017.1391682', '10.1016/j.asoc.2017.08.050', '10.1145/3127404.3127412', '10.1109/bibm.2017.8217774', '10.1109/iciea.2017.8282984', '10.1007/s11192-017-2318-x', '10.1109/ispan-fcst-iscc.2017.40', '10.1007/978-3-319-49340-4_14', '10.1007/s11518-017-5329-5', '10.1145/3136273.3136297', '10.1007/978-3-319-58895-7_26', '10.3233/ida-163156', '10.1007/978-3-319-68542-7_57', '10.1371/journal.pone.0178006', '10.1371/journal.pone.0187603', '10.1109/csitechnol.2017.8312155', '10.1038/s41467-017-01189-w', '10.1007/s13042-017-0745-x', '10.1007/978-3-319-72150-7_24', '10.1109/icwr.2017.7959298', '10.1109/besc.2017.8256374', '10.1109/icccn.2017.8038442', '10.1109/access.2017.2714018', '10.1007/s10115-017-1105-6', '10.1016/j.physa.2016.11.066', '10.1016/j.osnem.2017.10.003', '10.1109/mlds.2017.14', '10.1109/dasc-picom-datacom-cyberscitec.2017.178', '10.1007/s41109-017-0029-0', '10.1007/s10489-017-0948-6', '10.1007/s10586-017-0963-8', '10.1007/978-3-319-55471-6_1', '10.1155/2017/4143638', '10.1016/j.dss.2017.02.010', '10.1109/infocomtech.2017.8340627', '10.1016/j.physa.2016.11.029', '10.1109/tetc.2017.2751101', '10.1007/978-3-319-49340-4_18', '10.1109/dsaa.2017.33', '10.1016/j.bdr.2017.10.003', '10.1016/j.cities.2016.08.008', '10.1186/s12870-017-1062-y', '10.1109/tbdata.2016.2631512', '10.1007/s11276-017-1478-1', '10.1109/icbda.2017.8078744', '10.1130/g38944.1', '10.1109/bigdata.2017.8258147', '10.3233/ida-150349', '10.1145/3106426.3106477', '10.1145/3110025.3110125', '10.18500/1816-9791-2017-17-4-441-451', '10.1155/2017/8986360', '10.1371/journal.pone.0169355', '10.1007/978-3-319-62389-4_49', '10.1371/journal.pone.0188655', '10.1016/j.future.2016.06.032', '10.1145/3007748.3018285', '10.1109/tnet.2017.2708090', '10.1126/sciadv.1601895', '10.1007/978-3-319-70139-4_35', '10.1007/978-3-319-70093-9_10', '10.1109/icitech.2017.8079941', '10.1007/978-1-4614-7163-9_224-1', '10.1109/icmic.2017.8321708', '10.1109/tsmc.2017.2726547', '10.1142/s0218213017600132', '10.1109/access.2017.2740962', '10.1145/3035918.3035943', '10.1016/b978-1-78548-157-4.50011-x', '10.1109/ipdps.2017.95', '10.1109/access.2017.2769484', '10.1007/978-981-10-5281-1_35', '10.1109/socialmedia.2017.8057361', '10.1109/ccaa.2017.8229814', '10.1017/nws.2017.32', '10.1007/s11192-017-2561-1', '10.1016/j.procs.2017.08.045', '10.1016/j.jpdc.2016.02.003', '10.1109/ictus.2017.8286044', '10.1038/ncomms14238', '10.1016/j.ins.2017.01.026', '10.1016/j.physa.2017.01.018', '10.1007/978-3-319-70284-1_26', '10.1007/978-3-319-72150-7_15', '10.1109/icisce.2017.188', '10.1145/3110025.3116193', '10.1007/978-981-10-3966-9_7', '10.1016/j.knosys.2016.09.029', '10.1016/j.physa.2016.08.012', '10.1177/0047287517706262', '10.1109/csci.2017.150', '10.1007/978-3-319-73521-4_4', '10.1016/j.physleta.2017.06.018', '10.1109/ccaa.2017.8229801', '10.1007/s11280-017-0519-0', '10.1103/physreve.96.052313', '10.1007/978-3-319-57529-2_60', '10.1103/physreve.96.052311', '10.1007/s00521-017-2884-0', '10.1145/3183584.3183621', '10.1016/j.jpdc.2017.05.009', '10.1109/icnisc.2017.00056', '10.1007/978-3-319-64167-6_3', '10.1109/icccbda.2017.7951954']",184,2140,163
2018,80.69,7.18,"['10.1016/j.ins.2018.01.008', '10.1142/s021797921850279x', '10.1016/j.physa.2018.02.190', '10.1142/s0217979218500625', '10.1088/1367-2630/aab547', '10.3389/fgene.2018.00446', '10.1007/978-3-319-93659-8_38', '10.1109/asonam.2018.8508543', '10.1088/1367-2630/aac6f9', '10.1109/snams.2018.8554525', '10.1142/s0217979218500583', '10.1109/icdm.2018.00022', '10.1109/cluster.2018.00056', '10.1016/j.physleta.2018.05.044', '10.1088/2399-6528/aab386', '10.1007/s10489-018-1321-0', '10.1007/978-3-030-01872-6_12', '10.1016/j.future.2018.06.010', '10.1007/978-3-662-58464-4_4', '10.1145/3184558.3191564', '10.1007/s41019-018-0062-8', '10.1007/s41870-018-0190-4', '10.1109/ipdpsw.2018.00184', '10.1111/coin.12178', '10.1016/j.ins.2017.09.063', '10.3390/s18103351', '10.1109/msn.2018.000-7', '10.23919/fruct.2018.8588023', '10.3390/molecules23102633', '10.1109/icsccc.2018.8703215', '10.1109/access.2018.2877235', '10.1007/978-3-319-90312-5_10', '10.1109/istel.2018.8661093', '10.1016/j.physa.2018.04.036', '10.1007/978-3-319-91196-0_7', '10.1109/access.2018.2859788', '10.1142/s0217979218500182', '10.1109/access.2018.2880157', '10.1109/iccons.2018.8663121', '10.1371/journal.pone.0195993', '10.1109/asonam.2018.8508646', '10.1007/978-3-319-63962-8_312-1', '10.1016/j.physa.2017.12.060', '10.1155/2018/2942054', '10.1038/s41540-018-0052-5', '10.1007/s11036-018-0994-2', '10.1142/s0129183118500602', '10.1515/popets-2018-0033', '10.1145/3223048', '10.1109/tkde.2017.2783933', '10.1145/3167132.3167147', '10.1145/3284103.3284111', '10.1007/978-3-030-05411-3_15', '10.1016/j.ins.2018.03.036', '10.1016/j.physa.2017.07.028', '10.1016/j.asoc.2017.11.014', '10.1016/j.datak.2017.12.003', '10.1111/deci.12326', '10.1016/j.physa.2018.02.174', '10.1111/itor.12538', '10.1007/978-981-13-1132-1_22', '10.1007/978-981-10-8797-4_14', '10.1140/epjb/e2018-90064-2', '10.1109/tcss.2018.2831694', '10.1109/tvcg.2017.2689016', '10.1007/978-981-13-2122-1_5', '10.1007/s00500-018-3283-x', '10.1109/asonam.2018.8508328', '10.1007/978-3-319-91196-0_2', '10.1109/ccdc.2018.8408061', '10.1103/physreve.98.032309', '10.1007/978-3-030-05411-3_21', '10.1109/ijcnn.2018.8489362', '10.1007/s10462-018-9657-8', '10.1145/3232116.3232137', '10.1186/s12859-018-2351-7', '10.1016/j.knosys.2017.12.007', '10.1142/s012918311850047x', '10.1007/978-3-319-99626-4_28', '10.1109/asonam.2018.8508297', '10.1016/j.eswa.2017.10.058', '10.1109/tkde.2017.2776133', '10.1109/tifs.2018.2806891', '10.1088/1742-6596/1069/1/012124', '10.1007/978-3-319-93940-7_13', '10.1007/978-981-13-2035-4_2', '10.1108/ijwis-01-2017-0006', '10.1007/s10723-018-9448-0', '10.1016/j.jocs.2018.01.004', '10.1109/isncc.2018.8531055', '10.21105/joss.00960', '10.1007/978-3-319-76111-4_34', '10.1007/978-981-13-3044-5_21', '10.1186/s40649-018-0059-5', '10.1007/978-1-4939-7131-2_224', '10.1142/s012918311850119x', '10.1109/compsac.2018.00051', '10.1007/978-3-319-94105-9_7', '10.1142/s0217979218500157', '10.3233/ida-173400', '10.1117/12.2302918', '10.1007/978-1-4939-7131-2_218', '10.1016/j.physa.2018.03.033', '10.1016/j.fishres.2018.04.008', '10.1007/s11424-018-7270-1', '10.1088/2399-6528/aa9b6b', '10.1016/j.jocs.2017.10.009', '10.1145/3274662', '10.1007/978-3-319-93767-0_7', '10.1016/j.physa.2017.08.090', '10.1109/icacci.2018.8554789', '10.1007/s11280-018-0627-5', '10.1007/978-3-030-02698-1_10', '10.1007/978-3-319-74521-3_48', '10.1109/skg.2018.00025', '10.1109/access.2018.2883638', '10.3390/e20060471', '10.1007/978-3-030-05411-3_19', '10.1186/s13174-018-0091-6', '10.1145/3233547.3233703', '10.1016/j.physa.2017.11.089', '10.1016/j.knosys.2017.11.035', '10.1109/tkde.2017.2762294', '10.1109/access.2018.2873675', '10.1007/s11442-018-1485-x', '10.1016/j.knosys.2018.03.002', '10.1016/j.cjche.2018.08.027', '10.3390/su10093173', '10.1007/s10115-018-1248-0', '10.1155/2018/6203754', '10.1016/j.jnca.2018.02.011', '10.1007/978-3-030-00214-5_3', '10.1109/ipdps.2018.00097', '10.3390/fi10100093', '10.1109/cybermatics_2018.2018.00176', '10.1016/j.physa.2017.12.095', '10.1016/j.vaccine.2018.05.040', '10.1109/cscwd.2018.8465149', '10.1145/3106370', '10.1155/2018/4867304', '10.1007/978-3-319-63962-8_312-2', '10.1016/j.ins.2017.09.022', '10.1109/access.2018.2879648', '10.1007/978-3-319-96247-4_23', '10.1209/0295-5075/122/38002', '10.1016/j.socnet.2017.05.008', '10.3390/electronics8010023', '10.1109/iciea.2018.8397986', '10.1016/j.ins.2018.07.003', '10.1371/journal.pone.0205284', '10.1109/icee.2018.8472453', '10.1007/978-3-030-05090-0_40', '10.1109/idap.2018.8620850', '10.1016/j.eswa.2017.09.007', '10.1109/icbda.2018.8367727', '10.1007/978-3-319-93803-5_6', '10.1016/j.physa.2017.11.006', '10.1007/978-981-13-1132-1_23', '10.1007/978-3-030-05411-3_14', '10.1145/3047009', '10.1007/s12652-018-1108-5', '10.1109/skg.2018.00015', '10.1016/j.ijar.2017.09.008', '10.1063/1.5079119', '10.1145/3301551.3301611', '10.1016/j.neucom.2018.03.065', '10.1145/3206157.3206167', '10.3233/jifs-17682', '10.1111/exsy.12295', '10.1016/j.socnet.2017.11.004', '10.23919/icif.2018.8455696', '10.1109/tcss.2018.2879494', '10.1109/icmcce.2018.00139', '10.1145/3209542.3209549', '10.1145/3193077.3193086', '10.1016/j.datak.2018.07.009', '10.1007/s10115-018-1209-7', '10.1016/j.ins.2018.06.015', '10.1016/j.physa.2018.02.130', '10.1109/cec.2018.8477955', '10.1109/icdis.2018.00040', '10.1142/s021798491850330x', '10.1109/tcss.2017.2779578', '10.1155/2018/2085721', '10.1016/j.jocs.2017.07.002', '10.1371/journal.pone.0188702', '10.1109/cyber.2018.8688056', '10.1109/access.2018.2838568']",233,2617,188
2019,86.94,6.02,"['10.1109/tsusc.2017.2780320', '10.1109/access.2019.2912182', '10.1016/j.physa.2019.121070', '10.1142/s0217979219503521', '10.3389/fphar.2019.00109', '10.1186/s13174-019-0110-2', '10.1016/j.procs.2019.04.042', '10.5507/prf.19.24454481', '10.3389/fphar.2019.00971', '10.1016/j.physa.2019.122354', '10.1109/bigcom.2019.00038', '10.1007/978-1-4939-9873-9_16', '10.1016/j.asoc.2019.105574', '10.1016/j.physa.2019.121188', '10.1007/s41109-019-0138-z', '10.1109/icdis.2019.00032', '10.1016/j.future.2019.10.041', '10.1109/icdcs.2019.00048', '10.1109/hpcc/smartcity/dss.2019.00107', '10.1109/ssci44817.2019.9002969', '10.1142/s0129183119500797', '10.1142/s0217979219500899', '10.1016/j.knosys.2018.08.033', '10.1109/tits.2019.2937882', '10.1016/j.ins.2019.01.011', '10.1007/s10115-019-01362-1', '10.1093/comjnl/bxy080', '10.1007/s41109-019-0162-z', '10.1016/j.physa.2019.122124', '10.1016/j.ins.2019.01.028', '10.1109/access.2019.2960725', '10.1109/latincom48065.2019.8937936', '10.1016/j.eswa.2019.113020', '10.1109/tcss.2019.2912801', '10.1016/j.future.2018.12.045', '10.1016/j.procs.2019.09.186', '10.1007/s41109-019-0232-2', '10.1016/j.eswa.2019.05.059', '10.1007/s11276-018-01913-4', '10.1007/s13042-019-01042-0', '10.1109/ijcnn.2019.8852345', '10.1007/s11227-019-02978-4', '10.1007/s41109-018-0109-9', '10.1007/s00521-019-04487-0', '10.1007/978-3-030-10767-3_5', '10.1007/978-3-030-19759-9_2', '10.1109/access.2019.2951791', '10.1145/3323503.3349556', '10.1016/b978-0-12-809633-8.20427-5', '10.1109/access.2019.2939535', '10.1145/3291045', '10.3233/jcm-193952', '10.3390/molecules24050854', '10.1109/tkde.2019.2938173', '10.1007/978-981-13-6621-5_13', '10.1007/s41066-019-00207-0', '10.1109/access.2019.2956149', '10.1007/s41109-019-0210-8', '10.1016/j.knosys.2019.06.030', '10.1109/ice.2019.8792632', '10.1016/j.physleta.2018.11.047', '10.1109/tkde.2019.2950620', '10.1142/s0129183119500219', '10.1145/3352592', '10.1109/iccss48103.2019.9115455', '10.1109/tsmc.2019.2917215', '10.1016/j.socnet.2019.07.001', '10.1142/s0129183119500499', '10.5465/amj.2018.0048', '10.1088/1757-899x/631/5/052005', '10.1016/j.physa.2019.121765', '10.1109/icmcce48743.2019.00175', '10.1109/tpami.2019.2926033', '10.1016/j.physleta.2019.125870', '10.1016/j.physleta.2019.05.005', '10.1016/j.physa.2019.122058', '10.1109/access.2019.2930474', '10.1007/978-3-319-77525-8_312', '10.1016/j.physa.2018.12.023', '10.1016/j.asoc.2018.11.003', '10.1007/s41109-019-0165-9', '10.1109/access.2019.2899582', '10.3233/jifs-190724', '10.1109/icraecc43874.2019.8994969', '10.1109/eit.2019.8834298', '10.1016/j.cam.2019.06.022', '10.1142/s0129183119501043', '10.1177/2053951719846634', '10.1016/j.neucom.2019.06.020', '10.51408/1963-0033', '10.1142/s0129183119500542', '10.1007/s13278-019-0578-6', '10.3389/fgene.2019.00381', '10.1007/978-3-030-26142-9_28', '10.1007/978-981-32-9585-8_13', '10.1093/bioinformatics/btz114', '10.1016/j.physa.2019.122937', '10.1016/j.ipm.2019.06.002', '10.3354/esr00976', '10.1016/j.physleta.2019.06.042', '10.1016/j.neucom.2019.07.003', '10.1007/978-3-030-06222-4_9', '10.1007/978-3-030-29551-6_16', '10.1109/icse.2019.00085', '10.1145/3292500.3330882', '10.1016/j.ins.2018.11.054', '10.1109/access.2019.2897783', '10.1016/j.physa.2018.12.024', '10.1155/2019/8292485', '10.1103/physreve.99.042301', '10.1109/bibm47256.2019.8982960', '10.1007/s12204-019-2041-2', '10.1007/978-3-030-24318-0_66', '10.1007/s11042-019-08494-0', '10.1155/2019/6946189', '10.1007/s10479-019-03372-2', '10.1145/3295500.3356206', '10.4018/978-1-5225-6023-4.ch013', '10.3390/e21121237', '10.3390/e21121145', '10.1109/icpads47876.2019.00121', '10.1109/iemcon.2019.8936304', '10.1016/j.future.2019.05.061', '10.1155/2019/9057531', '10.1016/j.physa.2019.121328', '10.1142/s0129183119500505', '10.1142/s0217984919501665', '10.1016/j.swevo.2018.11.006', '10.1109/access.2019.2937580', '10.1007/s41095-019-0157-9', '10.1016/j.physa.2019.121552', '10.1007/978-3-030-11286-8_3', '10.1186/s40537-019-0243-y', '10.1177/0165551519891345', '10.1109/iri.2019.00055', '10.1145/3331076.3331121', '10.1109/tnnls.2019.2933850', '10.1155/2019/9764341', '10.3390/app9153199', '10.3390/e21010095', '10.1007/s13278-019-0566-x', '10.1109/tcyb.2017.2772880', '10.1109/tkde.2019.2951407', '10.1109/access.2019.2939864', '10.1109/tcsii.2019.2903936', '10.1109/tkde.2018.2866424', '10.1016/j.physa.2018.09.191', '10.1080/24725854.2018.1555383', '10.1007/s10489-018-1386-9', '10.1109/tkde.2019.2904682', '10.1108/ijwis-06-2019-0030', '10.1007/s41019-019-00110-3', '10.1063/1.5136488', '10.1145/3341161.3342860', '10.1016/j.eswa.2019.07.007', '10.1109/smartiot.2019.00053', '10.1007/978-3-030-31635-8_234', '10.1016/j.physa.2018.09.044', '10.1109/tcss.2019.2941988', '10.1109/icccbda.2019.8725739', '10.1016/j.physa.2019.122259', '10.3233/jcm-193649', '10.1145/3341161.3342920', '10.1007/978-981-13-7729-7_6', '10.1016/j.physa.2019.121084', '10.1142/s0217979219503636', '10.1016/j.physa.2019.121338', '10.1142/s0129183119500955', '10.1109/access.2019.2951527', '10.1109/ccoms.2019.8821680', '10.1088/1757-899x/631/5/052006', '10.1142/s0217979219503879', '10.1016/j.neucom.2019.01.009', '10.1109/embc.2019.8857032', '10.1007/978-3-030-34387-3_94', '10.3938/jkps.75.436', '10.1007/s41109-019-0128-1', '10.1016/j.physa.2019.04.269', '10.1007/978-3-030-15093-8_27', '10.1007/s41109-019-0241-1', '10.1016/j.neucom.2019.10.109', '10.1109/jiot.2019.2893625', '10.1109/access.2018.2884447', '10.3389/fbioe.2019.00306', '10.1109/icbda.2019.8712844', '10.1145/3365109.3368793', '10.1142/s0129183119500311', '10.1007/s41109-019-0238-9', '10.1126/science.aau2706', '10.1007/s41109-019-0126-3', '10.1007/978-3-030-18579-4_37', '10.1109/access.2019.2928058', '10.1016/j.ins.2019.04.018']",222,3207,193
2020,90.65,4.94,"['10.1103/physreve.102.042304', '10.1093/bib/bbaa205', '10.1109/itoec49072.2020.9141630', '10.1016/j.jksuci.2020.08.013', '10.1016/j.physa.2020.124137', '10.1111/coin.12420', '10.1007/s12652-020-02608-5', '10.1142/s0129183120501557', '10.1016/j.datak.2019.101777', '10.1016/j.knosys.2020.105626', '10.1109/icict48043.2020.9112563', '10.1177/0165551520968059', '10.1016/j.physa.2020.124826', '10.1109/tcyb.2020.2975530', '10.1016/j.eswa.2020.113689', '10.1109/cfis49607.2020.9238676', '10.1145/3373760', '10.1137/19m1243026', '10.7717/peerj.8966', '10.1145/3379347', '10.3390/e23010015', '10.1111/coin.12273', '10.1007/978-3-030-53337-3_21', '10.1007/978-3-030-58811-3_64', '10.3390/e22121383', '10.1145/3313374', '10.1016/j.swevo.2019.100629', '10.4018/ijiit.2020040102', '10.1080/09720510.2020.1800189', '10.1007/978-981-15-5148-2_16', '10.2139/ssrn.3659107', '10.1007/978-3-030-62005-9_29', '10.1007/s41109-020-00289-9', '10.1142/s0217984920501432', '10.1142/s0217979220500137', '10.1111/desc.12934', '10.1371/journal.pone.0240523', '10.1109/access.2020.2977824', '10.1007/978-3-030-52705-1_32', '10.1007/978-3-030-61380-8_22', '10.1109/ispa-bdcloud-socialcom-sustaincom51426.2020.00228', '10.1007/s00607-020-00836-3', '10.1007/978-981-15-7834-2_57', '10.1109/snams52053.2020.9336578', '10.1002/cpe.6141', '10.1109/access.2020.3041472', '10.1016/j.neucom.2020.06.002', '10.1007/978-3-030-63086-7_19', '10.2196/preprints.26692', '10.1109/iccke50421.2020.9303665', '10.3390/e22020197', '10.1109/access.2020.3006029', '10.1109/ssci47803.2020.9308197', '10.1145/3340531.3412145', '10.1145/3366424.3382673', '10.1016/j.jbef.2020.100418', '10.1088/1367-2630/ab73ca', '10.1109/tcss.2019.2956957', '10.1109/tcss.2019.2963247', '10.1049/trit.2019.0040', '10.1109/tpami.2020.3009862', '10.1016/j.physa.2019.122751', '10.1016/j.ins.2019.12.085', '10.1049/joe.2019.1186', '10.1016/j.csl.2020.101075', '10.1109/access.2020.3013241', '10.1109/access.2020.3005195', '10.1109/access.2020.3022836', '10.1002/cae.22212', '10.1016/j.physa.2019.124100', '10.1002/cpe.5929', '10.1007/978-3-030-43353-6_10', '10.1111/coin.12324', '10.1142/s0217984921500366', '10.1016/j.neucom.2020.06.088', '10.1109/iccc49849.2020.9238981', '10.1007/s13278-020-00641-y', '10.1007/s42979-020-00264-2', '10.1145/3414274.3414512', '10.1142/s0218213020500025', '10.1109/bigdata50022.2020.9378225', '10.1007/s10618-020-00716-6', '10.1007/978-3-030-59416-9_29', '10.1007/978-3-030-60245-1_43', '10.1145/3361739', '10.1016/j.knosys.2020.106363', '10.1109/iccc51575.2020.9345305', '10.1093/comnet/cnaa012', '10.1109/tpds.2020.3002150', '10.1038/s41467-020-17634-2', '10.1109/icca49400.2020.9022826', '10.1109/lsp.2020.3044259', '10.3390/e22040425', '10.3390/sym12020223', '10.1063/1.5144139', '10.1109/access.2020.3048187', '10.1017/nws.2019.59', '10.1016/j.isci.2019.100748', '10.1016/j.knosys.2020.105935', '10.1145/3378537', '10.1080/24751839.2020.1829387', '10.1007/978-3-030-44584-3_17', '10.1016/j.amepre.2020.04.015', '10.1109/tfuzz.2020.2980502', '10.1109/asonam49781.2020.9381372', '10.1007/s10660-019-09395-y', '10.1016/j.isci.2020.101354', '10.1109/tpds.2020.3001645', '10.1142/s0217984920504084', '10.1145/3397191', '10.1007/s10472-020-09709-z', '10.1016/j.knosys.2020.106256', '10.1007/s42979-020-00389-4', '10.1016/j.physa.2020.124897', '10.1016/j.eswa.2019.113115', '10.1155/2020/7096230', '10.1007/s11042-020-09993-1', '10.1016/j.ins.2019.10.076', '10.1007/978-3-030-65347-7_54', '10.1016/j.ecoinf.2020.101168', '10.1109/access.2019.2962751', '10.1007/978-3-030-59019-2_13', '10.1101/2020.05.11.087734', '10.1109/sibgrapi51738.2020.00034', '10.1007/978-3-030-60922-1_4', '10.1038/s41598-020-58471-z', '10.1016/j.eswa.2020.114322', '10.1007/978-3-030-59003-1_2', '10.1007/978-3-030-44038-1_12', '10.1007/978-3-030-52705-1_30', '10.1109/tcbb.2020.3038815', '10.1007/s41109-020-00270-6', '10.1016/j.knosys.2020.105678', '10.1016/j.future.2020.07.011', '10.1142/s0217979220502537', '10.1088/1757-899x/715/1/012024', '10.1186/s13638-020-01706-4', '10.1145/3387902.3392634', '10.1007/978-3-030-65347-7_55', '10.1109/access.2020.3018941', '10.1016/j.eswa.2020.113184', '10.1107/s2059798320001679', '10.3390/app10124060', '10.1007/s11227-020-03355-2', '10.1145/3394486.3403045', '10.1007/978-3-030-42058-1_18', '10.1007/978-3-030-37309-2_9', '10.1016/j.ins.2020.01.001', '10.1007/978-981-15-4775-1_19', '10.1016/j.net.2020.01.033', '10.1089/big.2019.0143', '10.1145/3385415', '10.1109/medcomnet49392.2020.9191555', '10.3354/meps13158', '10.1109/jstsp.2020.3001516', '10.1016/j.mlwa.2020.100019', '10.1016/j.cosrev.2020.100247', '10.1101/2020.03.05.978585', '10.1007/s11831-020-09421-5', '10.1016/j.cosrev.2020.100313', '10.1016/j.future.2020.06.030', '10.1007/s12652-020-02681-w', '10.1007/s00607-019-00787-4', '10.1007/s13278-020-00686-z', '10.1016/j.jksuci.2020.10.014', '10.1063/1.5120094', '10.1007/978-1-0716-0904-0_4', '10.1007/978-981-15-5925-9_9', '10.1155/2020/9017239', '10.1002/cpe.6028', '10.1088/1742-6596/1601/3/032006', '10.1007/978-3-030-64616-5_16', '10.3390/info11010053', '10.1007/978-3-030-65310-1_34', '10.1016/j.eswa.2020.113221', '10.1142/s0129183120500710', '10.1016/j.future.2020.02.046', '10.1109/tsmc.2020.3003019', '10.3390/sym12050843', '10.3390/su12083457', '10.1109/access.2020.3013018', '10.1007/s00500-020-05162-6', '10.1016/j.tcs.2020.09.036', '10.1145/3423067', '10.14778/3389133.3389142', '10.1109/icccnt49239.2020.9225271', '10.1109/access.2020.2982227', '10.1145/3372923.3404788', '10.1007/s11227-020-03510-9', '10.1007/978-3-030-38965-9_2', '10.1016/j.procs.2020.09.091', '10.1109/icee50131.2020.9260792', '10.1016/j.eswa.2019.112911', '10.1007/s00477-020-01916-8']",214,3928,194
2021,81.57,4.19,"['10.1007/s11192-021-03951-w', '10.1109/icecct52121.2021.9616716', '10.2196/26692', '10.1007/s13278-021-00804-5', '10.1109/bigdataservice52369.2021.00012', '10.1140/epjs/s11734-021-00159-0', '10.1080/03081079.2020.1863394', '10.1109/icds53782.2021.9626716', '10.1007/978-981-16-1295-4_37', '10.1097/md.0000000000025909', '10.1101/2021.03.22.436521', '10.1109/jsyst.2021.3065378', '10.1007/s12652-021-03374-8', '10.1155/2021/6699130', '10.1109/tsmc.2021.3070902', '10.1142/s0129183121501369', '10.1080/24751839.2021.1987076', '10.1007/s10489-021-02287-5', '10.1007/s13721-021-00323-5', '10.1007/s13369-021-05514-w', '10.1155/2021/3234280', '10.1109/cscwd49262.2021.9437855', '10.1007/978-3-030-89166-4_7', '10.1016/j.eswa.2021.115377', '10.1103/physreve.103.022316', '10.3390/e23050497', '10.1007/978-3-030-77246-8_19', '10.6339/21-jds1001', '10.1007/978-3-030-91702-9_29', '10.1109/icde51399.2021.00290', '10.1016/j.comcom.2021.05.025', '10.1101/2021.01.25.428115', '10.23919/ccc52363.2021.9550096', '10.1155/2021/5354170', '10.1088/1742-6596/1971/1/012061', '10.1007/s10489-021-02250-4', '10.1016/j.swevo.2021.100885', '10.1038/s41598-021-93122-x', '10.1007/978-1-0716-1839-4_11', '10.1109/icsai53574.2021.9664202', '10.1109/tcss.2021.3054115', '10.3390/info12030113', '10.7717/peerj-cs.600', '10.1109/tcsii.2021.3063303', '10.1109/datacom53700.2021.00013', '10.1016/j.jksuci.2021.07.006', '10.3390/math9182294', '10.1155/2021/5582341', '10.1016/j.eswa.2021.115038', '10.1007/s10489-020-02052-0', '10.1038/s41598-021-94724-1', '10.1016/j.amc.2021.126435', '10.1016/j.patrec.2021.06.024', '10.1016/j.jjimei.2021.100030', '10.1007/978-3-030-85665-6_11', '10.1186/s40649-021-00101-3', '10.14778/3447689.3447708', '10.1155/2021/1772407', '10.1109/imcom51814.2021.9377423', '10.1007/s10489-021-02266-w', '10.1093/g3journal/jkab437', '10.1007/s42979-020-00391-w', '10.1016/j.asoc.2021.107838', '10.1007/978-3-030-71590-8_8', '10.1109/tcss.2021.3093038', '10.1002/int.22384', '10.3233/mas-210513', '10.1145/3487351.3488350', '10.1007/978-3-030-73216-5_4', '10.1016/j.amc.2021.126012', '10.1016/j.infsof.2021.106606', '10.1007/978-3-030-91434-9_23', '10.1109/cec45853.2021.9504766', '10.1016/j.future.2021.06.056', '10.2478/ausi-2021-0010', '10.3233/jifs-202961', '10.1101/2021.10.08.463718', '10.1038/s41598-021-93921-2', '10.1007/978-3-030-93176-6_25', '10.23940/ijpe.21.01.p6.6073', '10.1016/j.ins.2021.06.090', '10.1109/icecce52056.2021.9514069', '10.1016/j.physa.2020.125420', '10.1109/bicits51482.2021.9509873', '10.1109/conit51480.2021.9498401', '10.1109/cec45853.2021.9504842', '10.1140/epjds/s13688-021-00289-4', '10.1140/epjds/s13688-021-00301-x', '10.1109/tcss.2021.3062711', '10.1155/2021/9986895', '10.1007/s41109-021-00377-4', '10.1038/s41598-021-85041-8', '10.1145/3460418.3480412', '10.1007/978-981-33-6984-9_21', '10.1109/jsyst.2021.3113826', '10.3390/cells10020402', '10.1145/3484730', '10.1016/j.ins.2021.08.031', '10.1142/s0129183121501230', '10.1002/int.22673', '10.3390/a14110314', '10.1101/2021.03.07.434249', '10.1109/icws53863.2021.00082', '10.1007/978-3-030-81484-7_8', '10.1016/j.gpb.2021.02.005', '10.1007/s13278-021-00798-0', '10.1016/j.hcc.2021.100006', '10.1155/2021/3717733', '10.1007/s13278-021-00803-6', '10.1109/asiancon51346.2021.9544691', '10.3390/computers10050062', '10.1109/tsmc.2021.3066545', '10.1109/cscwd49262.2021.9437744', '10.3389/fphy.2020.574770', '10.1109/infocom42981.2021.9488870', '10.1016/j.comcom.2021.03.012', '10.1145/3502871.3502879', '10.1142/s1793830921501457', '10.1145/3461339', '10.1007/s00607-021-00966-2', '10.1108/itp-10-2020-0682', '10.1016/j.ress.2020.107307', '10.1109/pacificvis52677.2021.00028', '10.1007/978-981-33-4084-8_11', '10.1002/cpe.6590', '10.1007/978-3-030-61431-7_3', '10.1016/j.jksuci.2021.08.016', '10.1155/2021/8690662', '10.1007/s00477-020-01952-4', '10.1142/s0217984921501645', '10.1007/978-981-16-3398-0_6', '10.1140/epjs/s11734-021-00269-9', '10.1007/978-3-030-74251-5_26', '10.1080/20964471.2021.1899578', '10.1007/978-3-030-87571-8_4', '10.1111/tgis.12772', '10.4018/ijossp.287614', '10.1007/s10669-021-09833-z', '10.1109/iske54062.2021.9755358', '10.1371/journal.pone.0255717', '10.3934/mbe.2021083', '10.1016/j.cor.2021.105299', '10.1155/2021/8848566', '10.1007/s11227-021-04091-x', '10.1002/int.22759', '10.1109/access.2021.3123248', '10.1007/978-981-16-0479-9_11', '10.1007/978-3-030-79382-1_28', '10.1080/1206212x.2021.1915444', '10.1007/978-3-030-80126-7_1', '10.1080/13658816.2021.1884869', '10.1109/comsnets51098.2021.9352856', '10.1080/2474736x.2021.1932532', '10.1016/j.neucom.2020.07.125', '10.1109/access.2021.3115605', '10.1016/j.physleta.2020.127099', '10.1007/s10489-021-02589-8', '10.1109/tfuzz.2021.3087235', '10.7717/peerj-cs.439', '10.1145/3460319.3464833', '10.1111/exsy.12921', '10.1016/j.physa.2020.125116', '10.1007/s13278-021-00743-1', '10.1016/j.osnem.2021.100134', '10.1140/epjb/s10051-021-00122-x', '10.1093/comnet/cnab051', '10.1007/s13369-021-05682-9', '10.1007/s13278-021-00752-0', '10.1109/access.2021.3083971', '10.1002/asmb.2618', '10.3389/fphy.2021.681798', '10.1140/epjs/s11734-021-00167-0', '10.1016/j.amc.2020.125601', '10.1371/journal.pone.0247018', '10.1016/j.ins.2021.04.081', '10.1007/s11280-021-00931-1', '10.1016/j.knosys.2021.107741']",217,4223,177
2022,89.92,3.35,"['10.1007/978-3-030-93409-5_26', '10.1007/s13369-022-07229-y', '10.1007/978-3-030-95903-6_9', '10.1016/j.eswa.2022.117794', '10.1007/s11276-022-03073-y', '10.1007/978-3-031-13832-4_25', '10.1109/icc45855.2022.9838876', '10.1007/978-3-031-07920-7_24', '10.3390/land11030338', '10.3390/e24070894', '10.3390/math10060970', '10.1007/s41060-022-00314-3', '10.1016/j.ins.2022.07.046', '10.1007/s10618-021-00809-w', '10.1007/s12083-022-01358-9', '10.1007/s00778-021-00723-z', '10.1016/j.physa.2022.126931', '10.1109/compsac54236.2022.00044', '10.3390/biotech11030033', '10.1016/j.ins.2022.03.012', '10.1109/jsen.2021.3129200', '10.1007/s11227-022-04418-2', '10.1145/3546911', '10.1109/access.2022.3168714', '10.1145/3511808.3557309', '10.1007/978-3-030-93904-5_93', '10.1016/j.knosys.2022.109408', '10.1093/comjnl/bxac039', '10.1016/j.mlwa.2022.100326', '10.1101/2022.11.06.22282001', '10.1007/s41109-022-00466-y', '10.4018/ijssmet.298677', '10.1007/s41870-022-00873-5', '10.1101/2022.08.05.503001', '10.1038/s41598-021-04379-1', '10.1007/s11227-021-04224-2', '10.1007/s40314-022-01835-0', '10.1016/j.eswa.2022.117452', '10.3390/ijerph19159311', '10.1155/2022/9696952', '10.3934/mbe.2022196', '10.1007/978-3-030-90618-4_28', '10.1155/2022/1047898', '10.1145/3564593', '10.1101/2022.10.01.510435', '10.1016/j.cor.2022.105933', '10.1007/s10489-021-02880-8', '10.1109/cvidliccea56201.2022.9824147', '10.1186/s40537-022-00585-4', '10.1007/978-3-031-09677-8_35', '10.1007/s00607-022-01121-1', '10.1007/s10489-022-03993-4', '10.1002/ett.4518', '10.1155/2022/2072950', '10.1109/access.2022.3161553', '10.1007/978-3-030-93413-2_13', '10.1016/j.joi.2022.101346', '10.1109/aemcse55572.2022.00021', '10.1016/j.eswa.2021.115956', '10.1109/cvidliccea56201.2022.9824328', '10.1111/coin.12561', '10.1017/s1351324922000274', '10.1109/icde53745.2022.00090', '10.1155/2022/2749091', '10.1145/3477495.3531730', '10.1155/2022/7518422', '10.1016/j.is.2022.102092', '10.1101/2022.05.31.22275817', '10.1007/s10489-021-02999-8', '10.4018/ijitpm.313421', '10.1103/physrevresearch.4.043117', '10.1145/3529836.3529949', '10.1007/978-3-030-97240-0_11', '10.15625/1813-9663/38/1/16537', '10.1016/j.knosys.2022.109495', '10.1007/s00607-022-01131-z', '10.1186/s13059-022-02626-w', '10.1109/access.2022.3162692', '10.1093/bib/bbac229', '10.1007/978-3-030-93409-5_28', '10.1007/978-3-030-95408-6_8', '10.1016/j.eswa.2022.117822', '10.1007/s11042-022-12745-y', '10.1007/s13278-022-00874-z', '10.1016/j.ins.2022.10.027', '10.1145/3485447.3512016', '10.1016/j.ins.2022.11.101', '10.1016/j.socnet.2021.06.001', '10.1038/s41598-022-16603-7', '10.1016/j.aei.2022.101680', '10.1186/s12859-021-04543-4', '10.1177/01655515211063620', '10.1080/03081079.2022.2025794', '10.1007/978-3-031-07472-1_22', '10.1140/epjds/s13688-022-00330-0', '10.3390/math10030405', '10.1007/978-981-19-8350-4_8', '10.1016/j.physa.2022.126881', '10.1016/j.physa.2022.127251', '10.3390/math10203805', '10.1155/2022/1172186', '10.1145/3571808', '10.1140/epjds/s13688-022-00336-8', '10.1007/s10844-022-00740-6', '10.1007/978-981-19-3579-4_3', '10.1007/978-3-030-95408-6_4', '10.1007/978-3-031-15512-3_2', '10.1007/s12652-022-03774-4', '10.1016/j.eswa.2022.116607', '10.1007/978-3-030-93409-5_25', '10.1109/icde53745.2022.00242', '10.1007/s10844-022-00702-y', '10.1007/s41109-022-00500-z', '10.1109/icde53745.2022.00220', '10.1016/j.tre.2022.102656', '10.1098/rsta.2020.0421']",129,3465,116
2023,66.67,3.85,"['10.1016/j.eswa.2022.119213', '10.1016/j.jii.2022.100415']",3,52,2
